label,x0,x1,x2,x3,x4,x5,x6,x7,x8,x9,x10,x11,x12,x13,x14,x15,x16,x17,x18,x19,x20,y0,y1,y2,y3,y4,y5,y6,y7,y8,y9,y10,y11,y12,y13,y14,y15,y16,y17,y18,y19,y20
ThumbsUp,208,222,241,254,258,238,270,265,255,233,268,261,248,230,263,255,243,228,254,248,238,323,300,276,258,242,273,275,281,283,287,291,294,294,302,305,307,306,316,318,320,319
ThumbsUp,197,212,235,245,245,237,279,269,255,232,280,266,251,228,273,259,245,225,262,251,236,304,278,248,224,203,246,250,258,256,261,270,275,272,280,288,291,289,300,305,307,305
ThumbsUp,198,211,233,245,245,238,279,270,257,235,280,268,254,233,275,263,249,232,265,255,241,303,277,247,223,202,246,249,258,258,263,268,275,274,282,288,293,291,302,305,309,307
ThumbsUp,134,142,162,175,175,169,215,205,190,171,217,205,190,174,215,203,188,177,209,198,185,337,307,273,248,227,274,268,278,281,292,288,295,298,312,307,313,315,331,325,330,332
ThumbsUp,165,161,168,175,173,209,215,202,190,214,214,202,193,212,211,201,194,207,208,200,195,317,289,263,243,225,269,267,271,273,287,282,284,288,304,299,299,302,319,312,312,314
ThumbsUp,189,201,222,235,237,232,276,266,251,231,276,265,249,231,271,259,245,231,265,255,240,355,328,299,276,255,298,298,306,308,314,318,324,324,333,336,340,340,352,352,356,356
ThumbsUp,195,207,230,243,245,235,278,268,254,233,277,265,250,231,269,258,244,230,261,252,240,352,328,300,278,258,299,301,310,311,315,320,326,326,333,338,343,342,352,354,358,358
ThumbsUp,164,179,201,211,208,202,248,240,226,197,246,236,220,193,238,227,213,192,227,218,204,336,312,282,258,237,280,285,295,295,296,302,309,307,314,319,323,321,331,334,338,336
Hello,106,170,222,253,283,205,240,258,273,178,205,223,238,147,164,175,186,111,113,116,123,405,398,363,326,309,287,245,218,195,270,219,187,160,264,211,182,158,267,223,196,171
Hello,79,142,191,220,248,169,199,215,228,138,162,176,187,106,118,127,135,71,69,70,74,392,380,343,303,282,271,226,196,171,257,203,168,139,254,201,168,140,259,218,188,161
Hello,96,159,209,236,262,187,216,233,246,157,179,193,205,125,136,145,155,89,86,87,92,398,386,350,312,290,275,231,202,178,261,208,175,148,257,204,172,145,263,220,190,163
Hello,131,193,243,274,306,229,264,285,302,202,230,250,266,172,188,202,215,138,142,147,155,411,404,370,337,325,295,254,229,209,279,227,197,173,272,219,189,165,274,229,201,174
Hello,167,226,280,317,348,278,319,342,361,253,290,315,334,223,248,266,283,187,197,208,221,433,433,408,379,365,326,290,266,244,306,257,227,202,297,245,213,185,298,252,223,195
Hello,149,210,261,294,324,250,285,307,325,224,254,275,292,195,214,228,241,160,164,170,179,415,408,377,346,334,299,260,235,215,282,232,201,176,275,224,193,167,276,231,202,176
Hello,138,199,250,282,310,241,276,296,312,213,244,264,281,183,201,216,229,148,153,160,168,414,406,374,339,323,297,257,232,210,280,231,201,175,274,223,192,165,278,235,205,178
Hello,161,221,275,310,342,269,308,332,351,243,277,301,319,213,235,252,268,176,183,192,204,433,431,400,369,354,318,279,255,234,300,250,219,194,293,240,208,181,295,250,221,193
Hello,146,206,254,284,313,241,275,294,310,213,243,262,277,182,199,210,221,147,149,153,159,421,407,376,345,325,300,257,229,205,284,231,198,171,278,223,192,166,282,237,208,181
Hello,87,150,199,228,253,176,205,223,236,144,168,183,194,112,122,132,141,76,73,73,75,412,393,352,311,288,280,230,202,178,266,208,176,149,263,207,175,149,272,227,199,173
Hello,111,173,220,248,277,198,230,248,262,168,190,204,215,138,148,157,165,104,102,103,107,408,396,358,319,301,281,235,206,183,267,212,179,154,263,209,178,154,268,224,196,170
Hello,84,146,195,223,248,172,200,217,229,140,162,176,187,107,118,127,135,70,68,67,69,411,392,350,309,286,277,226,197,171,263,205,171,144,261,205,172,145,270,225,197,171
Hello,135,195,244,274,304,228,259,278,294,198,221,238,251,168,180,190,200,133,133,136,140,417,408,372,333,318,291,246,220,199,275,221,189,163,271,217,184,156,275,230,200,173
Hello,111,174,227,258,284,208,241,261,275,177,204,221,233,146,159,171,181,110,110,113,118,411,400,363,324,304,283,237,210,188,269,214,181,155,264,209,176,149,270,225,197,171
Hello,159,219,271,306,338,263,299,320,336,236,267,288,305,204,224,238,251,168,173,180,188,437,428,393,358,340,311,269,242,218,294,241,209,182,289,234,202,174,292,247,217,188
Hello,82,147,197,224,248,170,197,213,224,136,158,171,181,101,110,119,126,63,58,57,59,418,401,360,316,291,280,229,199,173,267,209,175,147,266,209,175,147,277,231,203,175
Hello,158,217,267,297,323,253,285,302,317,224,250,268,282,193,206,216,225,158,158,162,168,434,423,390,354,333,309,264,237,213,292,237,204,177,287,233,198,169,292,247,217,188
Hello,77,139,184,210,235,156,181,193,201,121,140,151,158,86,90,95,99,49,39,36,36,426,407,361,313,287,283,228,195,167,271,210,172,140,273,214,177,147,286,240,209,180
Hello,165,224,274,306,336,264,299,319,335,236,265,285,300,205,222,236,249,169,172,178,187,434,427,392,356,339,311,268,241,218,294,240,206,178,289,234,200,171,293,248,218,189
Hello,72,132,182,209,234,154,179,193,203,119,137,149,157,84,89,95,100,45,35,30,28,437,416,368,320,292,287,232,199,170,276,214,177,145,279,218,183,152,293,245,215,186
Hello,137,199,247,276,307,231,263,280,294,202,227,243,256,169,182,191,199,132,131,133,136,429,412,374,335,314,294,246,217,191,280,223,190,162,277,220,187,158,285,239,209,179
Hello,96,158,206,235,260,182,211,228,240,148,171,185,194,114,122,130,137,76,70,68,69,427,409,366,322,297,288,235,204,176,276,215,179,149,275,215,179,150,287,240,209,181
Hello,117,180,226,249,281,197,224,237,249,164,182,193,202,132,136,141,146,97,89,86,86,427,408,362,318,300,283,231,200,174,271,210,174,144,271,212,178,150,282,235,205,176
Hello,94,153,203,232,260,183,214,231,243,150,175,191,203,116,125,134,141,79,73,72,73,430,413,371,326,301,287,233,201,173,274,214,178,148,273,214,178,149,285,239,209,181
Hello,89,149,193,215,241,163,185,195,203,129,143,151,157,95,95,96,98,59,46,39,36,423,402,359,315,289,280,226,193,164,269,207,169,139,271,212,175,145,285,239,208,178
Hello,109,171,221,251,283,202,234,250,264,170,194,210,222,136,147,157,166,99,95,96,99,420,405,365,322,301,285,234,203,177,271,212,176,147,270,212,176,147,279,234,203,175
Hello,123,185,231,256,289,203,230,244,255,170,190,201,210,138,144,149,153,102,94,91,90,425,407,362,318,300,280,230,199,173,268,208,172,142,268,209,175,147,280,232,202,173
Hello,81,144,193,221,248,166,192,208,219,131,151,164,172,97,103,110,116,58,49,44,42,428,407,361,316,293,280,226,195,167,269,206,168,138,271,209,173,143,285,235,204,174
Hello,96,158,205,230,256,179,204,216,226,146,163,173,181,112,115,118,120,76,65,59,55,418,401,358,314,288,276,224,192,164,263,202,166,137,264,205,168,138,276,230,199,170
Hello,32,92,138,167,195,113,138,150,158,80,96,105,111,47,47,49,51,16,5,0,-1,418,398,351,304,277,273,215,180,149,264,197,157,124,267,203,164,131,282,237,212,189
Hello,88,148,193,218,245,169,195,208,218,139,159,171,180,107,115,120,125,71,66,63,62,398,379,336,295,274,260,212,183,157,247,189,156,128,245,188,157,133,255,210,181,154
Hello,82,142,187,209,231,156,176,187,194,123,139,147,152,91,94,97,100,55,46,40,38,398,374,326,280,254,253,199,167,138,244,184,148,118,247,189,155,126,260,216,189,163
Hello,213,276,330,367,399,332,373,400,424,308,347,373,396,279,306,326,344,242,256,270,285,417,413,386,356,341,302,265,244,226,282,233,205,180,273,221,191,165,275,228,199,173
Hello,182,244,289,314,342,263,287,298,306,233,252,264,273,202,209,216,221,169,163,162,161,379,370,329,289,273,249,201,171,146,236,178,145,118,233,177,144,117,239,192,161,134
Hello,191,256,307,343,374,294,322,338,351,263,289,302,313,230,245,255,264,192,197,200,206,406,385,344,304,285,270,219,191,164,254,196,163,134,250,193,160,134,255,209,183,158
Hello,246,303,356,395,426,348,381,402,418,322,355,376,392,291,312,328,341,255,266,276,286,392,395,371,345,331,288,245,220,198,266,212,181,157,255,199,167,143,255,207,178,153
Hello,190,254,305,338,370,280,305,320,331,248,267,279,288,216,224,232,240,181,180,180,183,391,374,331,288,273,254,205,176,152,239,181,147,119,236,179,146,119,243,198,170,144
Hello,200,259,305,331,361,280,298,307,313,248,262,272,280,216,219,224,228,182,175,172,172,374,360,320,279,266,240,191,162,135,227,170,138,111,224,169,137,112,231,185,155,128
Hello,229,293,346,383,406,341,375,394,408,315,347,367,382,284,305,319,331,246,254,261,269,402,390,362,333,317,278,239,229,224,260,208,182,164,252,197,166,144,254,210,182,158
Hello,217,276,326,359,386,318,349,370,388,290,317,335,350,258,277,291,305,221,223,228,236,396,378,343,307,284,267,224,206,193,250,194,164,141,245,190,157,132,251,205,175,149
Hello,253,320,374,410,443,368,403,426,445,342,374,398,418,312,332,349,366,277,288,298,311,410,407,375,343,331,288,249,228,209,268,218,191,169,259,206,177,153,259,211,182,154
Hello,195,248,292,320,346,260,284,299,311,231,249,264,277,200,206,215,224,167,163,164,168,372,361,319,281,261,246,198,170,149,235,178,145,119,234,178,145,119,243,197,168,141
Hello,166,224,265,289,313,229,247,257,265,195,202,209,214,163,158,157,158,131,116,109,105,382,360,310,265,239,235,184,154,128,226,167,132,104,229,174,140,113,242,198,169,140
Hello,250,300,349,383,410,334,358,370,377,307,328,342,352,277,290,299,308,243,243,243,246,389,386,357,329,313,270,230,230,236,253,198,172,156,247,191,161,140,252,207,177,151
Hello,160,216,258,280,302,215,230,238,244,182,189,195,197,150,145,144,143,117,106,98,93,402,373,321,272,240,247,193,160,130,240,178,141,109,246,189,155,126,263,219,193,166
Hello,269,327,378,412,445,367,401,421,438,340,372,393,410,310,330,345,360,275,282,290,302,400,400,375,345,332,291,249,226,206,271,218,187,163,263,207,176,151,263,215,184,157
Hello,169,226,268,292,314,232,250,260,268,199,209,215,219,169,166,167,167,137,129,125,123,406,380,328,281,257,256,201,170,140,247,184,149,118,250,192,158,130,264,218,192,167
Hello,187,246,289,314,345,257,278,289,297,223,236,246,252,191,190,191,193,158,145,138,134,399,381,335,291,273,255,201,169,141,245,184,148,119,246,188,153,126,258,211,180,151
Hello,239,299,349,386,415,340,368,386,400,313,341,359,374,284,298,309,320,249,252,257,264,403,390,359,329,314,277,233,208,188,259,203,170,145,253,197,163,138,258,212,182,156
Hello,147,204,248,272,299,213,233,244,252,177,186,194,199,144,140,139,140,110,94,86,83,410,387,335,287,262,257,202,168,139,247,184,145,113,252,192,155,124,268,224,193,164
Hello,244,306,360,396,427,355,388,408,425,329,361,382,400,298,320,335,350,261,270,279,291,410,400,372,344,322,281,240,217,195,263,210,182,159,257,200,170,144,259,211,182,154
Hello,223,281,332,365,394,320,350,370,386,293,319,336,351,262,278,291,303,226,228,233,239,408,391,357,324,306,276,233,210,191,261,206,176,152,256,201,168,141,261,216,187,160
Hello,198,259,307,336,369,282,305,317,327,249,265,276,286,217,220,224,228,182,173,169,169,401,386,346,306,288,263,213,183,156,249,190,155,125,247,189,155,127,256,210,179,151
Hello,273,327,378,411,442,363,392,412,427,337,363,382,397,308,322,335,347,276,280,286,295,398,397,370,342,332,287,245,220,200,268,213,181,157,261,203,170,145,264,217,187,161
Hello,126,183,222,244,271,185,201,210,216,150,158,164,168,116,111,109,109,83,66,58,52,412,386,336,289,260,261,205,172,142,254,192,153,120,261,203,166,133,279,235,205,175
Hello,250,300,343,373,399,325,346,361,374,296,313,325,335,266,274,281,289,232,227,225,226,402,391,359,329,312,274,229,203,183,261,205,172,146,259,203,168,141,269,222,191,164
Hello,198,257,304,336,368,279,302,315,325,247,264,274,280,215,218,223,226,179,177,175,176,424,399,353,311,292,278,225,193,164,266,203,166,133,266,205,169,140,277,229,200,174
Hello,195,256,299,325,356,268,290,300,308,234,246,255,262,201,201,203,206,167,155,151,150,422,400,356,315,297,270,217,187,160,259,196,161,132,260,201,166,137,272,225,195,166
Hello,57,108,144,155,171,113,128,136,144,82,92,101,109,52,54,59,68,21,10,8,11,431,408,363,318,286,307,261,232,207,300,250,218,190,303,254,223,197,315,277,251,226
Hello,154,214,273,318,353,280,330,361,388,259,304,335,362,233,266,291,313,199,216,231,248,441,447,426,400,386,353,325,307,292,329,289,265,243,315,270,244,221,308,268,241,217
Hello,46,94,128,140,153,93,104,107,108,62,68,69,69,34,26,21,17,6,-10,-19,-26,385,360,318,274,243,268,220,191,166,265,215,181,154,272,227,195,170,287,263,247,233
Hello,85,139,174,190,207,143,163,172,179,115,127,134,140,87,89,91,95,56,47,43,41,386,365,329,292,267,270,226,200,177,262,213,183,159,263,216,189,168,273,236,213,190
Hello,145,200,253,288,318,247,281,296,308,220,252,270,283,191,211,224,236,157,164,169,177,412,415,389,358,344,312,272,247,226,295,245,216,193,286,236,207,185,285,242,214,190
Hello,68,116,147,159,171,105,115,118,119,74,76,75,74,46,36,30,27,18,-2,-14,-22,406,380,335,293,265,280,232,203,179,278,226,192,166,285,238,207,182,302,271,249,227
Hello,169,226,269,291,311,234,253,265,274,201,216,226,235,170,173,179,184,137,126,121,118,437,408,359,314,286,286,233,202,174,278,218,185,155,281,224,191,164,294,250,222,195
Hello,173,227,265,284,305,229,243,249,254,197,204,211,215,165,160,158,157,134,117,108,102,416,394,347,303,276,274,223,191,164,264,207,173,145,267,213,180,153,280,238,210,184
Hello,172,228,269,290,309,231,246,253,259,197,202,208,214,164,158,156,156,132,114,104,97,440,416,367,322,290,290,236,202,174,281,221,185,154,285,228,192,162,300,257,226,197
Hello,165,219,256,275,295,212,227,233,237,177,182,185,187,145,135,131,129,114,93,81,73,427,399,349,303,273,277,223,190,162,271,209,172,141,278,220,184,152,295,252,223,194
Hello,164,220,261,282,304,222,239,249,256,189,197,204,210,158,153,152,153,126,109,100,94,424,401,352,306,277,278,225,192,164,270,210,172,142,274,217,180,148,290,246,215,185
Hello,177,235,278,301,329,245,266,277,286,212,224,234,241,181,178,179,181,148,136,129,125,417,400,355,311,289,276,224,193,167,266,207,173,145,267,211,177,149,278,233,204,177
Stand,203,247,255,229,205,293,299,302,304,258,243,232,223,215,183,187,197,171,154,158,164,165,200,260,314,350,261,338,386,424,255,344,397,440,246,325,305,278,236,299,283,258
Stand,202,250,258,232,211,299,302,307,312,262,242,228,217,218,190,194,203,174,162,166,173,114,168,240,298,339,252,332,381,421,242,338,394,440,229,310,286,258,216,282,264,240
Stand,199,248,255,226,204,299,302,308,313,262,242,228,214,220,190,191,199,177,164,167,171,111,163,235,293,335,246,329,379,420,237,335,392,438,224,307,285,257,212,279,263,239
Stand,204,255,275,267,261,301,308,315,320,263,244,232,221,220,199,207,217,178,171,177,183,101,146,219,279,327,225,309,360,401,218,319,378,423,208,300,280,251,199,268,251,227
Stand,201,252,273,268,270,307,312,319,325,270,251,239,230,227,201,202,208,184,173,176,181,88,137,213,281,331,212,294,342,381,204,306,363,408,193,288,268,240,186,258,243,219
Stand,211,254,268,260,264,312,316,323,329,277,255,242,230,235,201,199,205,192,173,174,179,84,137,216,285,336,212,291,341,380,200,301,362,408,187,280,269,247,177,248,242,226
Stand,206,255,268,243,225,305,309,312,314,270,248,231,219,228,199,201,209,186,172,175,182,109,156,230,290,333,238,322,373,413,229,330,389,433,218,308,287,257,209,277,262,238
Stand,202,250,260,236,216,298,305,310,313,262,240,226,215,221,189,193,203,177,160,164,172,120,170,243,303,347,253,336,388,429,244,346,403,447,230,315,289,259,216,284,264,238
Stand,202,251,275,266,248,295,305,305,303,256,246,231,220,213,196,199,210,172,168,173,180,167,194,251,303,341,252,332,379,417,252,333,379,413,249,327,319,297,246,306,296,273
Stand,199,249,263,246,235,304,308,316,323,269,249,236,225,228,196,196,203,186,169,171,178,93,143,218,282,330,222,302,351,391,214,314,372,417,203,291,267,238,194,264,246,220
Stand,205,257,273,257,248,314,318,326,333,275,258,246,234,231,206,204,207,188,173,172,174,72,121,195,259,307,197,279,329,368,187,288,350,394,178,274,285,279,170,240,254,256
Stand,201,253,264,242,223,302,307,309,310,265,244,229,215,223,196,203,212,181,171,177,184,110,159,235,299,347,241,325,377,418,234,332,390,432,224,309,289,260,214,277,264,242
Stand,205,254,262,236,212,300,304,310,315,262,241,226,213,219,194,199,208,177,167,171,176,119,170,243,303,346,253,334,381,421,246,345,401,446,234,316,292,265,221,287,270,246
Stand,207,256,277,271,270,311,313,318,325,275,252,238,228,232,204,202,205,187,173,176,182,82,131,208,276,326,206,288,338,376,199,297,356,398,189,281,273,252,182,251,246,231
Stand,213,257,271,261,268,313,315,321,327,275,255,242,231,232,203,203,209,189,173,176,183,77,129,209,278,330,203,284,334,372,193,290,352,398,181,275,268,249,172,246,248,236
Stand,205,254,261,233,214,301,306,310,312,264,244,228,213,221,194,197,204,177,166,169,174,109,158,231,290,335,242,326,378,420,234,335,395,441,223,307,282,253,210,276,258,233
Stand,202,254,265,242,223,300,303,308,310,262,240,227,214,220,194,200,209,178,169,175,181,110,161,232,291,333,244,326,374,413,235,332,386,429,222,308,288,262,211,277,262,239
Stand,207,253,267,250,240,306,309,315,321,271,247,234,225,228,197,198,204,183,169,173,180,77,127,203,268,317,210,290,339,378,202,302,357,400,190,277,251,221,179,248,228,202
Stand,212,262,280,272,271,309,311,317,322,270,249,235,223,227,200,205,215,185,172,178,186,85,134,209,274,323,212,297,347,387,203,304,363,408,193,287,273,249,185,258,249,228
Stand,203,250,260,235,215,303,308,311,315,268,248,231,217,226,195,194,202,183,166,168,176,104,148,221,280,324,235,322,375,417,228,333,392,439,217,304,278,247,207,273,255,230
Stand,199,250,260,237,218,300,303,309,315,264,239,224,211,223,190,195,206,179,163,167,174,106,156,229,291,336,244,325,373,413,236,339,392,436,223,307,280,252,209,274,254,231
Stand,205,257,276,268,261,308,311,317,324,270,248,235,227,227,199,203,211,183,170,177,187,72,119,195,261,310,197,281,330,367,190,291,348,389,182,278,265,240,176,249,239,218
Stand,208,258,277,273,277,311,314,321,327,273,253,241,231,228,199,199,204,186,171,173,177,63,112,189,258,309,187,269,319,358,176,274,335,380,165,258,267,261,156,224,236,238
Stand,206,254,261,232,210,301,304,306,308,265,243,226,212,221,190,193,202,178,161,166,174,116,166,237,294,336,248,333,385,425,240,342,401,446,229,312,287,256,217,279,261,238
Stand,200,251,260,233,207,297,301,305,309,257,237,223,211,214,194,198,206,171,166,172,178,116,163,234,291,330,247,332,382,421,244,344,398,440,235,320,297,269,224,288,271,248
Stand,208,259,275,263,256,312,315,322,329,274,254,243,233,230,199,202,210,187,173,175,180,76,121,196,261,310,204,286,336,376,198,297,355,399,189,280,254,223,181,248,232,209
Stand,209,256,265,240,221,302,306,308,310,267,245,229,215,226,199,203,212,185,174,180,187,116,167,240,298,343,250,333,383,423,242,342,400,444,230,319,302,276,219,280,271,252
Stand,212,261,266,236,212,301,303,307,310,262,243,229,215,219,194,201,210,176,167,173,179,112,165,237,294,335,250,333,384,425,246,342,398,443,235,313,288,260,220,281,263,241
Stand,207,259,276,265,254,304,306,314,321,267,246,232,221,225,197,201,208,183,170,174,180,93,141,216,280,327,225,308,355,393,220,319,372,413,210,297,273,244,199,263,245,222
Stand,206,258,272,256,242,307,311,316,322,270,249,238,230,227,199,202,209,184,172,178,186,71,119,193,256,302,200,283,332,371,194,293,350,393,184,274,254,225,175,242,227,204
Stand,211,263,280,267,255,305,311,316,319,268,246,234,224,227,199,203,210,187,173,177,183,89,135,208,269,314,219,304,355,396,214,315,373,417,202,292,270,240,191,258,244,221
Stand,206,257,266,239,216,299,301,307,312,261,239,226,216,219,190,199,210,178,166,175,184,98,147,221,279,319,234,317,366,403,229,326,380,422,217,302,282,255,205,264,248,227
Stand,207,260,281,276,275,311,314,320,326,273,248,236,226,229,195,195,202,187,167,169,173,67,113,188,255,304,193,277,326,364,185,285,345,388,176,266,257,236,169,232,226,211
Stand,214,263,273,254,246,310,313,320,327,274,252,238,226,232,197,200,206,189,169,172,177,70,122,196,255,300,202,284,333,371,195,294,354,400,184,273,253,225,173,234,222,202
Stand,210,264,272,248,227,301,306,312,317,260,240,228,215,217,198,211,222,176,175,186,193,107,158,231,290,333,241,325,374,413,236,334,391,436,225,312,293,266,214,279,265,244
Stand,209,259,275,270,274,309,314,322,329,271,248,235,226,229,198,201,208,187,173,177,184,80,129,208,280,333,206,289,337,376,201,301,357,398,191,283,262,234,183,250,235,212
Stand,214,267,282,269,262,314,319,326,331,275,253,239,225,232,207,215,224,191,181,189,196,80,128,205,271,320,209,291,341,380,203,302,363,408,194,287,283,265,186,257,262,256
Stand,212,265,282,268,254,308,314,317,320,270,247,231,219,227,202,206,214,185,175,181,188,110,156,226,286,333,238,323,373,411,234,337,391,430,225,308,288,262,214,271,257,237
Stand,210,258,276,270,268,316,324,332,340,282,257,242,231,240,205,201,205,198,178,178,182,69,118,195,265,317,197,275,324,362,192,287,345,387,184,266,259,241,175,237,247,249
Stand,215,269,290,288,291,319,325,333,341,279,258,247,237,235,205,200,201,193,177,176,177,64,112,188,256,307,193,275,325,363,184,282,342,385,173,266,284,284,163,231,251,259
Stand,216,267,278,257,240,310,317,323,328,272,248,232,218,230,201,205,213,189,176,181,187,106,152,224,283,328,239,324,376,416,233,334,393,437,222,305,283,255,210,273,258,236
Stand,210,263,282,274,263,306,313,322,326,269,246,233,221,227,199,206,215,187,173,180,188,94,142,214,275,320,231,311,359,399,226,323,377,419,215,299,277,248,203,265,249,226
Stand,218,269,291,286,282,319,327,337,348,283,263,252,243,240,210,201,197,199,180,174,170,61,108,179,243,291,184,266,315,354,173,266,326,373,162,247,272,283,151,215,248,271
Stand,217,264,278,266,251,307,314,319,323,274,247,231,216,234,199,200,208,193,174,176,182,110,159,232,292,337,246,324,374,414,239,337,392,434,225,305,281,253,211,271,255,233
Stand,209,263,282,275,265,302,311,319,324,263,242,229,216,222,197,208,218,184,173,182,190,98,145,216,277,322,232,313,362,401,228,326,380,421,219,302,281,254,207,269,255,231
Stand,212,267,291,285,277,318,330,338,347,281,259,248,242,236,208,205,207,192,177,172,169,45,86,156,217,261,166,248,298,338,157,254,312,355,148,237,243,233,140,210,220,218
Stand,216,267,286,284,283,312,322,327,329,275,253,236,223,233,212,214,220,191,181,187,194,80,127,205,274,325,207,287,338,380,205,302,359,399,196,283,269,245,186,250,250,239
Stand,214,267,283,270,257,305,312,319,323,266,242,226,213,224,200,208,217,184,174,180,186,100,148,222,283,326,233,311,359,398,227,322,373,412,214,297,275,247,202,268,251,227
Stand,208,257,282,284,291,308,320,328,337,273,250,235,226,232,199,191,192,191,175,172,172,55,101,181,253,305,175,258,308,348,166,263,322,367,155,240,262,269,145,209,230,243
Stand,215,268,289,286,282,314,325,332,336,276,255,240,226,233,214,214,215,193,183,186,188,66,114,189,257,308,191,273,327,370,187,284,346,392,178,268,292,302,168,228,255,273
Stand,216,269,284,270,257,311,315,321,326,272,247,233,220,229,202,208,217,189,176,182,189,94,143,216,277,323,229,308,356,394,225,322,377,421,214,296,274,247,203,265,248,225
Stand,211,263,289,289,289,315,329,336,345,281,256,242,236,239,206,194,193,197,177,167,161,55,98,167,230,277,176,258,307,347,166,261,319,363,154,230,264,288,144,199,226,248
Stand,214,267,286,283,282,314,326,334,338,274,254,241,229,230,212,216,222,189,180,185,189,79,125,204,276,329,203,285,337,379,202,301,359,399,195,283,275,256,186,249,252,246
Stand,212,261,280,276,280,308,315,322,327,271,247,233,220,229,203,205,211,188,176,179,184,97,143,219,286,336,227,307,354,394,221,317,370,412,211,296,275,249,201,266,251,228
Stand,217,270,293,288,280,320,328,337,345,280,261,249,239,235,208,199,196,194,176,170,164,51,97,165,225,268,173,252,301,340,163,254,313,356,153,242,272,283,144,209,233,246
Stand,210,261,277,267,256,303,311,316,320,272,248,231,216,233,205,208,215,192,178,183,188,98,157,230,289,335,241,317,367,408,234,333,393,439,222,311,298,275,208,270,260,240
Stand,208,261,275,259,240,300,309,315,320,260,235,219,205,218,196,201,209,176,166,171,176,106,157,226,284,325,245,325,373,412,242,340,393,434,231,306,282,255,217,274,255,232
Stand,209,261,284,276,266,314,325,331,340,277,251,237,230,233,198,189,190,190,173,171,173,53,96,166,225,269,179,257,306,344,167,265,322,366,154,247,269,275,143,211,222,223
Stand,209,264,283,274,261,309,316,320,321,273,249,233,219,233,205,212,221,193,180,186,193,92,143,215,275,321,230,310,361,401,226,322,377,418,218,306,287,260,210,275,262,240
Stand,211,263,271,247,223,302,310,317,320,264,239,225,211,222,193,201,212,183,168,175,182,107,159,231,288,329,251,331,380,421,248,343,396,438,236,313,289,262,220,277,259,238
Stand,208,260,281,277,273,308,312,320,327,270,244,229,218,228,200,205,212,186,172,177,184,86,134,210,277,327,223,305,353,391,219,315,369,410,208,293,270,241,198,264,246,220
Stand,216,270,293,284,268,301,312,314,313,259,248,240,235,216,204,218,236,177,180,199,217,149,175,233,290,330,232,308,361,402,237,321,376,417,235,320,344,347,232,296,312,309
Stand,208,262,276,258,235,302,309,317,322,263,241,227,214,222,195,203,213,183,169,174,181,123,172,243,300,339,263,343,391,429,260,357,409,449,250,330,305,277,237,295,277,254
Stand,206,260,280,269,257,310,318,326,334,272,249,236,225,229,205,207,211,184,176,181,186,86,133,209,276,324,221,301,350,389,218,315,369,412,209,294,271,242,199,264,247,222
Stand,204,258,275,260,244,302,315,323,328,263,243,228,215,221,201,206,214,179,174,179,183,108,158,234,296,342,244,323,376,417,243,340,397,439,234,317,295,266,224,284,269,247
Stand,201,255,268,246,220,295,306,313,317,257,234,219,207,215,189,195,206,176,162,168,175,130,179,249,305,342,269,349,400,440,268,364,416,456,259,331,308,283,246,299,281,260
Stand,203,252,273,269,268,307,320,328,336,273,250,234,224,232,196,194,199,189,167,168,174,81,129,208,279,330,209,287,337,375,200,303,359,400,188,278,259,231,178,247,231,208
Stand,206,257,276,272,273,311,322,332,340,274,253,243,233,230,204,205,209,187,175,177,179,71,118,197,268,323,201,282,333,373,197,296,355,400,187,274,258,234,177,240,234,221
Stand,201,254,266,241,215,300,309,314,319,262,240,225,214,218,192,192,200,174,162,164,170,128,177,246,304,344,265,350,402,443,261,360,413,454,251,324,298,269,238,295,274,249
Stand,210,261,280,279,285,315,323,333,341,278,255,243,234,235,203,205,212,191,174,177,182,79,128,208,278,329,207,286,333,372,202,296,352,395,192,280,261,234,184,252,242,224
Stand,209,261,275,259,247,316,325,335,344,278,261,250,240,234,207,206,209,192,178,179,181,69,114,191,259,311,193,276,328,367,188,289,350,394,179,274,265,243,172,245,249,241
Sick,269,266,236,195,163,185,132,101,79,170,109,72,47,164,106,70,44,166,122,95,74,327,275,237,220,214,256,248,247,250,287,279,276,276,317,310,309,309,345,345,347,348
Sick,271,267,242,200,163,181,128,101,84,165,110,86,72,159,107,79,63,160,116,92,75,333,276,236,217,213,258,251,250,250,292,284,279,276,325,319,316,313,354,352,351,348
Sick,272,262,232,193,166,169,128,141,163,161,121,138,163,160,122,136,159,164,127,140,160,321,269,230,213,212,247,255,263,265,280,285,291,293,313,316,319,321,345,344,345,344
Sick,271,259,229,192,162,167,129,140,159,158,122,137,158,157,123,137,157,163,129,141,158,318,270,235,220,216,245,253,261,264,276,283,290,292,309,313,317,318,340,340,341,341
Sick,264,256,227,188,161,165,130,144,164,156,122,137,159,153,121,136,157,156,126,138,156,322,270,233,219,221,250,254,260,263,281,284,289,291,313,315,317,319,344,342,343,343
Sick,279,274,246,206,170,204,160,134,116,191,144,115,94,185,139,112,92,184,144,122,105,318,269,230,214,211,250,243,244,247,282,275,275,277,314,309,309,310,344,341,340,340
Sick,266,262,234,195,163,173,134,150,172,161,124,142,165,158,124,140,161,161,131,143,160,328,277,238,220,223,251,253,258,261,284,284,287,291,319,317,318,320,350,346,345,346
Sick,267,257,224,185,156,165,127,138,158,156,121,137,159,155,121,137,157,160,128,142,160,319,269,232,216,218,247,253,258,261,278,282,286,288,311,312,312,314,342,339,338,338
Sick,266,261,231,192,160,173,130,147,169,162,122,140,163,158,123,138,158,157,127,141,158,322,272,235,220,215,248,250,254,258,279,279,284,288,311,311,313,315,341,338,338,339
Sick,277,270,242,203,169,193,138,131,138,183,122,112,115,180,126,110,106,184,138,117,105,320,271,233,215,212,248,243,246,249,281,274,276,281,314,310,311,314,346,345,345,346
Sick,281,273,245,203,170,181,139,148,166,169,129,144,165,164,129,141,162,164,131,140,157,324,274,232,213,215,248,249,255,257,280,281,286,289,313,314,316,318,345,344,344,344
Sick,294,283,254,217,189,204,160,170,191,193,146,162,186,187,141,158,180,188,148,162,181,318,267,227,209,210,241,239,243,245,272,271,276,279,305,303,307,309,337,332,334,335
Sick,300,297,268,228,194,224,166,180,204,216,155,173,198,213,154,165,186,215,165,164,174,309,260,217,203,210,237,239,243,244,273,270,274,277,309,307,310,311,341,339,339,339
Sick,289,276,243,201,168,195,140,150,172,186,128,141,164,184,129,139,160,188,138,139,150,308,253,212,198,200,233,237,240,241,270,269,271,273,305,302,302,304,338,336,334,333
Sick,264,251,218,177,146,160,124,138,159,151,114,133,155,150,116,133,154,157,124,137,154,319,265,227,212,216,249,253,257,257,282,284,287,289,316,318,318,318,346,346,345,343
Sick,256,249,218,177,142,158,112,126,148,148,100,117,139,147,101,116,137,152,111,119,135,324,270,231,217,214,254,254,259,260,289,287,289,291,324,323,322,322,355,354,351,349
Sick,336,331,298,248,212,239,169,185,210,224,163,182,205,220,172,190,211,224,189,204,222,349,283,238,219,225,258,247,251,255,297,282,283,287,334,320,317,320,366,348,344,346
Sick,340,333,300,248,211,239,168,185,211,225,161,181,205,223,170,188,211,229,187,202,221,342,277,231,212,221,250,244,248,251,291,281,281,284,330,321,317,318,365,352,347,348
Sick,339,335,303,249,213,239,173,187,211,224,169,187,210,222,179,195,217,228,197,211,229,338,271,228,210,216,250,241,244,246,291,278,276,278,328,314,310,312,361,345,340,342
Sick,339,333,299,246,212,237,172,191,217,223,167,186,210,221,176,192,214,227,194,208,225,337,271,224,206,219,249,242,244,247,290,279,276,279,329,318,313,315,364,351,345,346
Sick,396,384,348,295,262,296,230,248,273,285,224,242,265,283,232,249,272,287,247,262,281,329,263,214,196,213,241,238,237,238,280,272,268,270,317,306,301,303,350,336,332,334
Sick,335,325,286,233,198,227,165,174,194,215,156,171,196,214,168,182,205,220,191,203,220,326,257,212,201,210,241,239,236,232,282,274,268,269,319,307,300,300,350,338,329,328
Sick,261,249,213,166,140,154,102,117,139,145,98,114,135,146,104,117,138,155,124,134,151,307,242,203,198,211,233,235,233,231,271,267,263,263,305,299,294,293,333,325,318,316
Sick,288,285,249,200,169,188,135,152,175,176,127,145,167,176,135,150,172,185,159,171,188,280,216,176,163,171,202,199,201,201,242,235,234,235,279,273,268,268,310,303,297,296
Sick,294,290,253,205,174,181,134,140,155,170,129,143,164,170,132,142,161,176,145,153,168,372,306,265,253,263,297,289,290,292,336,324,319,320,371,357,349,350,399,383,377,377
Sick,349,341,303,248,215,245,183,191,211,235,177,190,211,237,185,195,215,246,210,216,232,370,303,262,252,265,295,289,283,283,337,325,314,313,372,362,347,343,401,389,377,374
Sick,379,373,336,279,243,275,209,217,236,262,205,219,239,260,212,223,243,262,224,232,247,377,312,267,257,267,300,295,292,293,340,327,319,320,374,359,349,350,401,384,376,377
Sick,375,372,334,278,241,274,204,212,230,262,202,216,238,261,211,224,245,265,227,237,254,379,315,270,257,267,301,296,291,290,342,328,318,320,377,362,352,354,407,389,381,383
Sick,346,337,301,248,215,240,180,193,213,230,174,190,212,230,182,196,217,238,202,211,228,363,297,256,248,261,291,288,281,281,333,321,310,310,368,356,342,341,396,381,370,369
Sick,310,304,267,215,185,198,148,155,173,187,142,155,177,190,146,157,178,202,173,179,194,360,294,256,249,260,292,286,282,282,333,320,313,312,368,356,344,341,395,383,371,367
Sick,303,301,265,209,174,198,146,165,186,184,138,157,177,181,140,154,175,185,146,156,173,359,293,253,243,254,285,281,282,284,324,313,310,313,359,348,342,344,388,372,367,369
Sick,318,318,281,226,193,217,161,173,193,203,152,167,188,201,154,164,184,205,169,174,187,359,293,251,240,251,284,279,278,281,323,310,305,307,357,344,334,334,384,369,358,355
Sick,336,329,291,237,207,230,173,190,214,220,169,188,210,222,179,193,214,230,197,207,223,360,293,252,243,259,287,281,276,277,327,314,305,306,361,348,336,337,389,373,364,364
Sick,341,338,301,247,215,235,180,193,214,223,171,187,210,224,178,190,211,231,197,204,219,360,294,251,238,254,285,278,273,275,326,311,301,303,362,349,336,335,391,378,368,366
Sick,344,339,302,247,215,236,179,193,214,225,172,189,211,228,181,193,213,237,201,208,223,357,292,251,240,256,287,280,274,275,328,313,302,304,363,350,335,334,390,376,365,364
Sick,337,329,292,238,207,229,175,187,207,219,169,183,204,222,176,186,205,231,193,197,211,357,291,250,240,255,286,279,274,274,325,310,299,300,360,345,331,329,387,372,360,357
Sick,321,316,279,225,193,214,160,171,190,201,155,170,191,201,158,170,189,209,180,184,196,357,289,249,239,252,284,278,276,278,324,310,302,303,358,345,333,331,387,374,363,359
Sick,317,311,275,221,193,210,158,173,193,198,151,169,191,199,156,171,192,207,177,187,203,355,288,248,238,256,285,279,278,280,326,312,306,309,360,347,339,341,388,373,366,367
Sick,329,321,284,229,201,223,170,186,206,211,160,177,198,212,166,177,197,220,180,184,198,355,288,247,239,258,285,279,274,276,325,310,301,303,358,344,331,330,385,370,358,354
Sick,328,323,285,232,203,217,169,187,209,206,163,181,203,208,168,182,203,218,187,196,212,354,287,248,241,258,282,280,278,279,323,313,306,307,357,347,336,336,386,373,364,362
Sick,332,325,285,234,204,217,172,185,204,209,167,183,205,214,177,189,209,226,196,204,220,356,291,252,246,260,287,284,280,280,328,317,309,309,363,351,340,339,389,375,367,365
Sick,346,342,302,248,215,237,187,201,222,227,182,197,218,229,192,204,224,237,206,215,232,363,295,253,244,256,286,282,280,281,327,317,309,310,362,349,340,340,391,374,367,366
Sick,350,345,307,252,221,243,191,203,223,231,187,204,224,233,195,210,231,241,215,225,240,361,294,253,243,261,285,281,280,282,326,317,311,313,362,352,344,344,393,382,374,373
Sick,325,318,280,226,198,215,168,177,193,204,163,177,196,206,166,174,192,216,187,190,200,357,292,254,246,261,288,287,284,284,329,320,313,312,363,355,343,338,390,379,368,363
Sick,317,314,278,228,199,212,163,166,180,202,161,173,192,204,169,178,196,211,184,189,202,357,291,253,244,257,287,283,280,280,326,314,307,307,359,346,336,334,387,372,362,359
Sick,335,327,285,231,200,222,175,192,214,213,174,191,211,217,185,198,217,225,199,209,226,357,291,249,241,257,289,282,276,277,329,313,304,306,362,344,334,334,388,370,361,361
Sick,342,334,295,239,206,231,177,194,216,223,176,193,214,225,189,204,224,233,205,216,233,357,293,250,241,258,287,284,281,281,327,315,307,308,360,347,338,338,388,370,362,363
Sick,341,332,291,235,206,229,178,195,216,221,175,191,212,224,186,200,219,232,202,212,228,353,290,248,239,259,283,281,278,278,323,312,304,305,357,343,333,333,386,369,360,360
Sick,335,328,289,233,203,223,174,193,214,213,170,189,211,214,178,192,214,222,191,202,218,358,293,252,243,261,288,282,279,282,328,313,306,309,362,346,337,339,389,371,363,364
Sick,345,334,295,242,212,237,179,195,218,230,178,195,217,233,190,205,226,243,207,218,235,355,291,250,242,259,287,284,279,280,327,315,307,308,362,350,340,342,392,379,370,372
yes,239,281,312,320,311,295,315,319,311,268,291,297,289,237,260,271,265,203,228,240,235,302,285,243,206,176,197,165,195,220,192,155,192,217,195,156,196,221,205,180,208,229
yes,236,278,310,317,307,285,308,312,306,255,276,283,277,224,242,253,249,192,208,218,218,311,293,251,214,191,183,174,212,229,182,175,217,237,191,184,221,241,206,197,223,240
yes,233,272,300,284,253,280,289,295,295,247,252,263,264,217,220,234,236,187,194,207,209,301,287,243,209,199,190,163,192,213,190,159,196,219,198,177,212,233,212,195,219,235
yes,234,273,305,322,333,282,312,311,301,253,285,287,279,223,253,260,255,192,219,229,226,316,300,262,232,215,199,199,234,248,198,197,236,252,205,201,237,254,218,213,240,255
yes,233,273,292,274,246,272,286,293,287,246,260,272,269,219,231,249,248,188,206,223,223,294,273,228,196,181,191,166,189,211,188,156,184,209,192,151,182,208,203,175,197,218
yes,228,274,305,308,307,278,308,302,292,244,276,276,269,211,239,243,236,181,198,205,200,328,313,282,254,240,201,220,258,272,200,220,262,274,212,227,265,277,233,238,261,268
yes,227,269,293,284,262,267,280,289,288,243,254,268,268,217,226,246,248,187,202,218,220,293,269,227,191,171,193,165,187,209,189,156,182,205,191,150,178,203,199,170,189,209
yes,229,271,306,304,285,277,309,304,294,245,279,280,270,212,245,250,240,182,207,215,208,324,311,282,256,243,204,215,252,263,203,212,254,265,213,221,261,274,230,233,261,273
yes,218,260,291,303,305,267,287,286,279,241,260,261,257,215,232,237,234,189,204,211,211,322,305,269,236,214,209,199,228,246,207,200,231,250,212,205,233,252,222,214,234,249
yes,233,272,293,288,270,266,277,288,288,243,257,270,269,217,229,248,250,188,204,222,226,285,263,220,186,164,187,158,179,202,184,151,178,204,187,146,176,205,196,166,186,210
yes,223,268,303,317,329,282,309,303,294,249,279,277,270,216,244,247,240,186,206,212,209,325,311,286,262,245,208,224,257,273,206,222,259,276,215,229,263,279,231,235,260,273
yes,226,268,300,308,298,279,294,294,287,249,262,267,262,218,230,239,236,187,197,205,204,312,299,259,222,197,202,186,217,239,200,184,219,241,207,191,223,243,219,204,227,242
yes,228,268,289,267,236,268,283,293,292,243,258,270,268,216,228,244,244,186,202,217,216,294,273,228,195,183,194,165,190,214,191,158,188,211,194,152,184,209,203,175,197,217
yes,222,263,294,305,314,277,301,295,286,246,270,270,264,213,234,241,237,182,195,205,205,320,312,278,249,230,208,209,245,261,206,204,246,264,214,208,247,267,229,221,247,262
yes,232,267,290,292,282,264,278,282,277,241,256,264,259,216,227,243,242,188,201,217,219,285,269,228,194,171,186,165,191,211,184,158,188,210,187,153,186,211,196,171,193,214
yes,222,266,298,305,311,274,302,299,291,243,273,273,268,213,241,245,240,185,206,214,213,318,308,276,247,228,202,205,238,256,201,204,240,258,210,210,244,264,225,222,248,265
yes,221,263,299,313,323,278,307,302,291,247,277,276,266,217,244,247,239,187,199,200,191,330,315,283,254,235,216,217,249,267,215,215,251,268,222,218,250,267,236,228,244,251
yes,221,266,293,287,260,269,283,289,285,244,257,267,263,217,230,243,240,187,205,218,215,293,275,231,189,169,196,169,195,215,192,160,191,211,194,156,189,212,201,172,196,215
yes,228,268,301,307,307,278,299,294,286,247,271,270,263,215,238,242,235,184,196,202,198,311,303,274,247,230,205,209,243,259,204,205,242,256,213,211,243,259,228,221,242,252
yes,227,266,297,308,314,278,303,300,290,246,272,273,265,215,237,242,236,185,189,189,180,340,326,299,272,254,230,232,267,284,228,231,268,286,235,233,265,283,248,230,233,232
yes,219,259,284,272,249,263,276,284,280,238,255,264,257,211,224,237,234,179,193,208,207,338,321,275,242,226,239,210,229,249,235,200,230,253,237,198,230,254,245,218,241,261
yes,211,257,288,294,301,273,303,291,278,239,270,265,258,205,230,233,230,173,179,185,186,387,378,354,332,322,268,301,339,352,264,300,341,353,276,301,340,355,296,296,310,315
yes,218,255,282,285,274,263,275,281,277,236,251,259,255,206,218,231,231,175,188,202,206,355,336,297,264,241,249,227,250,271,246,218,247,270,249,216,249,275,261,238,261,282
yes,210,250,269,244,211,250,262,275,279,224,240,253,253,197,211,228,228,165,183,200,201,351,322,277,250,244,242,214,231,251,240,205,232,256,243,202,232,259,252,220,241,264
yes,197,238,271,282,284,253,278,275,267,219,245,247,241,184,209,214,209,152,169,176,172,373,357,327,303,287,247,265,303,318,246,265,305,319,258,271,307,322,278,284,308,318
yes,226,271,306,305,287,292,309,308,300,262,279,281,274,230,247,253,248,194,214,222,219,313,298,252,208,180,204,176,207,231,197,164,203,226,199,168,209,231,208,186,217,236
yes,223,268,305,303,289,287,316,309,299,255,285,280,269,222,249,249,239,188,209,215,210,328,313,276,243,222,208,201,243,258,204,193,240,254,208,197,244,259,220,211,244,257
yes,222,266,300,310,303,280,295,295,289,251,264,268,263,220,233,242,239,187,203,212,210,307,301,253,210,181,200,176,212,233,198,173,213,232,202,180,218,237,211,194,222,238
yes,221,267,298,286,264,277,296,300,291,251,270,275,266,222,240,250,242,187,209,220,215,305,291,243,202,179,202,170,198,223,197,160,196,220,197,155,196,223,203,176,206,228
yes,219,268,294,285,260,270,287,295,292,245,262,271,266,217,233,244,240,184,205,216,213,309,286,239,200,180,205,175,200,225,200,163,196,222,200,162,199,227,205,174,200,223
yes,216,260,296,286,263,279,298,293,284,246,266,265,257,212,229,234,229,177,195,203,200,314,298,254,217,195,200,170,211,234,198,164,213,237,202,173,221,244,213,191,225,243
yes,216,266,291,288,265,265,281,286,279,241,257,262,254,214,232,240,232,183,205,215,209,309,282,236,196,173,204,174,203,226,199,164,201,223,199,162,201,225,203,173,202,223
yes,211,256,294,292,273,272,285,278,271,235,251,250,247,198,213,218,215,164,173,180,180,331,322,296,267,250,210,240,277,286,205,237,277,288,213,242,280,291,229,247,274,281
yes,217,262,290,274,244,273,285,290,289,242,256,265,263,210,224,236,234,175,192,204,203,296,279,233,195,178,187,161,190,215,183,153,188,214,188,152,188,214,199,177,203,221
yes,212,262,287,278,254,263,279,281,273,238,251,257,252,210,224,234,229,177,196,208,203,305,277,233,196,178,200,179,205,222,195,165,198,215,196,162,199,220,202,176,202,221
yes,211,257,285,274,248,266,283,282,273,239,255,258,250,211,224,233,227,179,196,207,203,305,282,237,201,185,199,174,201,220,194,162,197,216,195,160,197,220,201,172,199,219
yes,201,243,276,285,280,257,270,270,267,225,239,241,239,194,207,212,210,162,175,182,182,315,300,262,230,209,195,183,217,237,194,182,220,242,200,191,226,248,214,206,232,249
yes,205,249,288,287,268,263,279,272,266,226,246,244,239,190,210,213,207,156,172,179,175,333,322,291,258,240,210,232,273,280,206,231,276,283,215,238,281,290,233,245,276,283
yes,203,245,279,285,279,260,281,279,272,227,249,250,245,195,215,221,216,163,182,190,188,314,307,272,242,225,204,194,234,249,203,190,235,253,210,198,240,259,222,215,247,261
yes,194,248,275,276,261,253,268,264,256,230,245,241,231,206,219,219,211,177,193,198,193,304,277,241,207,188,210,185,209,226,201,176,207,224,197,170,202,220,196,173,196,211
yes,201,249,274,268,248,251,264,267,261,228,241,243,236,202,216,220,212,170,186,194,190,295,270,231,198,182,205,180,203,221,197,170,199,215,193,165,197,216,194,168,191,208
yes,191,233,266,263,248,249,265,263,258,217,232,234,229,184,198,204,201,152,164,173,173,303,293,262,235,219,190,187,224,243,188,182,224,244,195,188,227,246,209,201,229,243
yes,197,239,273,272,258,254,262,257,253,218,230,229,226,183,193,197,195,150,157,165,166,306,293,261,227,208,193,188,224,242,188,183,224,243,195,189,226,244,209,200,227,241
yes,198,239,274,277,261,253,270,264,257,218,236,235,230,183,200,205,199,151,164,172,170,312,302,273,244,227,194,203,242,250,189,199,244,251,197,205,247,257,212,215,244,250
yes,196,237,263,269,267,245,252,252,250,215,227,231,229,187,198,205,205,160,172,180,183,288,267,227,189,163,175,160,197,213,172,159,199,217,176,167,204,222,187,178,205,218
yes,194,242,262,252,229,241,254,258,252,218,231,237,231,193,205,215,210,163,177,189,188,288,258,217,186,175,190,166,188,206,186,155,184,204,186,153,185,207,191,164,185,203
yes,192,238,259,257,238,236,254,250,239,214,231,228,217,189,205,207,198,159,176,185,182,291,260,222,190,174,194,176,200,211,189,170,201,213,188,165,198,214,190,167,192,208
yes,195,241,262,252,228,238,255,251,241,216,233,230,220,192,206,209,200,162,176,185,182,285,255,220,194,189,194,174,198,208,189,165,196,207,187,160,193,207,189,165,188,202
yes,196,237,265,262,243,257,265,262,257,227,237,236,231,196,205,208,206,163,174,180,179,274,259,219,182,162,186,159,174,190,179,148,167,183,179,145,170,190,186,162,182,198
yes,198,239,277,273,248,251,275,269,262,217,240,240,233,183,203,208,201,150,166,175,171,315,308,276,243,227,198,204,245,260,194,200,246,259,203,209,251,264,218,216,244,254
yes,199,240,275,277,265,247,274,268,258,214,241,240,231,183,206,209,201,152,167,176,173,314,302,270,238,217,198,198,239,252,195,194,240,253,203,203,246,259,219,213,240,251
yes,203,242,277,281,281,249,270,270,266,216,238,242,239,183,203,211,207,151,163,175,176,312,300,267,237,220,196,199,239,254,194,196,242,258,204,204,248,266,220,214,243,257
yes,201,242,273,270,253,264,273,272,268,232,240,244,241,199,207,216,215,166,177,187,188,290,275,234,194,168,188,162,193,216,182,154,194,216,184,159,199,220,193,176,206,222
yes,194,242,263,255,236,242,255,263,260,219,232,240,235,193,207,218,212,161,176,189,185,292,261,221,189,169,194,165,187,207,189,154,182,203,188,152,183,205,192,161,182,201
yes,194,242,263,257,239,239,250,258,257,217,229,238,235,191,204,215,212,160,175,187,186,293,262,222,191,173,194,165,185,206,189,156,183,205,189,155,185,209,194,165,186,206
yes,195,242,263,259,240,241,254,260,254,218,229,237,233,191,203,214,211,160,174,187,187,294,263,222,191,172,195,170,191,209,190,159,186,206,190,156,186,208,195,167,188,208
yes,186,230,262,261,250,243,258,255,251,211,226,227,224,180,193,199,196,148,162,170,168,298,283,243,208,188,189,171,208,224,188,168,208,226,194,176,214,232,206,192,220,235
yes,193,231,263,266,258,242,271,265,254,210,238,236,228,178,202,207,199,148,169,178,173,312,300,270,244,226,194,191,231,244,192,189,235,247,200,200,242,254,215,211,241,252
yes,198,236,269,273,266,245,273,268,258,213,240,240,233,181,204,210,204,151,167,178,176,306,297,269,241,221,195,193,232,247,194,191,236,251,203,201,242,258,218,212,240,253
yes,198,236,267,271,262,244,270,266,259,211,237,237,231,179,202,207,200,148,164,175,175,305,294,263,232,212,194,192,230,247,192,188,234,251,200,197,239,257,216,206,235,251
yes,211,247,282,288,280,266,289,282,273,236,261,258,249,205,228,230,222,175,195,202,197,309,302,270,239,218,203,203,237,252,198,195,237,251,203,201,242,256,215,212,241,252
yes,214,251,285,289,278,271,290,284,276,241,262,260,252,209,230,233,227,178,195,203,201,307,300,270,239,216,204,204,240,257,199,195,238,258,203,200,242,262,216,211,239,254
yes,212,248,284,289,277,268,292,284,275,237,263,260,252,206,229,232,225,176,194,200,196,305,300,272,242,222,204,204,240,253,199,196,238,254,205,202,242,258,217,212,239,252
yes,210,249,285,290,285,265,289,282,272,235,261,259,251,204,230,232,225,174,197,202,196,305,299,269,238,218,201,204,239,256,197,197,239,258,202,204,245,263,215,215,244,257
yes,209,247,282,289,284,265,292,285,275,236,264,260,251,206,231,231,223,176,196,202,197,306,302,274,245,224,207,207,242,258,201,200,242,259,206,206,246,262,218,215,243,256
yes,207,246,275,283,281,259,271,271,266,232,244,246,242,204,215,221,219,175,187,195,195,292,281,242,207,180,194,173,205,225,191,167,204,224,195,174,208,228,203,186,212,228
yes,206,246,280,281,268,263,283,278,272,231,252,251,245,200,220,223,218,169,187,193,189,306,297,264,233,212,201,199,234,250,197,189,232,251,202,196,237,255,213,206,237,251
yes,200,238,273,283,281,256,279,273,264,227,251,249,242,197,220,222,217,168,188,193,190,309,300,267,237,216,204,203,236,254,201,196,235,256,207,202,239,258,219,214,242,257
yes,209,245,269,270,256,254,268,274,270,230,245,252,247,203,216,227,224,173,188,200,200,284,266,228,195,174,190,164,182,203,186,153,181,205,187,153,185,210,195,170,193,213
yes,204,247,268,257,234,252,268,273,266,229,244,251,245,203,216,228,223,173,189,201,198,292,267,226,195,178,196,170,191,211,192,158,185,207,193,156,186,208,199,170,190,209
yes,203,241,268,265,250,262,275,273,268,234,247,249,245,205,218,223,220,175,190,197,195,296,281,242,205,180,198,170,194,216,192,160,191,214,194,164,197,219,202,182,207,224
yes,197,238,274,278,268,258,280,271,262,224,248,243,236,192,214,215,208,161,179,184,180,308,299,269,239,217,197,200,237,252,193,193,238,254,199,202,244,260,212,210,240,253
yes,205,247,281,281,266,260,278,271,263,227,247,246,240,195,214,218,214,165,181,189,188,314,302,273,242,226,203,211,246,258,198,205,246,262,206,214,252,269,220,224,252,265
yes,208,243,272,275,266,263,275,275,268,235,249,253,247,207,219,226,222,175,189,198,197,286,276,240,206,182,191,170,199,220,186,161,195,215,188,161,196,216,198,181,206,222
yes,204,246,268,259,235,251,267,272,266,228,243,251,245,202,215,226,222,173,188,201,200,288,265,224,192,178,196,169,189,210,191,156,182,204,192,155,185,209,196,167,187,208
yes,202,240,269,274,268,258,273,273,265,233,249,251,245,205,219,227,223,175,190,200,199,291,277,238,201,171,196,166,194,219,191,156,190,215,193,159,194,219,200,177,202,221
yes,199,236,266,274,271,253,280,273,262,223,250,247,238,192,216,219,211,162,183,190,186,313,301,271,242,218,200,201,237,251,196,196,238,251,203,204,245,258,217,215,244,256
yes,199,237,270,278,269,252,276,269,260,222,247,244,237,191,214,217,211,162,181,188,186,313,303,275,247,229,205,209,243,258,203,205,244,262,210,211,249,267,223,220,248,262
yes,202,240,272,282,283,254,273,269,260,223,246,245,238,193,214,218,213,163,179,187,186,311,302,272,244,226,204,208,244,259,201,205,245,262,209,212,249,266,223,220,245,259
yes,208,241,271,276,265,264,279,274,266,236,251,250,244,207,220,225,220,174,189,197,195,287,277,241,208,185,198,177,208,226,192,167,203,222,192,168,204,223,199,182,208,223
yes,204,243,270,275,261,250,265,269,263,228,244,250,243,202,217,227,222,171,189,201,199,285,266,227,194,172,190,166,190,209,188,157,188,207,190,157,190,212,198,175,198,216
yes,201,240,269,271,251,252,267,269,262,228,243,247,240,202,216,223,217,171,189,197,193,287,272,228,190,169,191,165,191,211,187,156,190,208,188,155,191,210,194,170,195,211
yes,199,237,274,275,261,260,284,279,270,232,255,253,245,202,222,226,220,170,190,196,192,306,298,258,220,196,205,190,226,249,199,180,223,244,201,185,227,247,210,199,229,245
yes,197,237,271,279,275,254,279,272,262,224,250,248,239,194,218,221,213,163,184,191,185,309,297,261,229,205,198,194,231,246,194,188,231,246,199,193,236,252,211,206,237,250
yes,200,239,273,281,273,255,279,272,263,225,250,246,238,193,214,217,212,162,178,186,186,313,305,276,248,228,207,213,248,265,203,206,247,266,209,212,250,269,224,221,247,262
no,221,255,277,292,314,244,275,303,327,224,267,298,319,204,256,257,245,186,234,237,225,320,291,246,215,194,197,179,179,183,194,175,179,182,200,198,233,251,212,212,237,249
no,218,248,271,289,316,243,267,289,307,223,254,281,301,201,244,245,237,181,221,228,222,319,291,247,215,194,203,172,152,138,200,167,152,138,205,199,232,251,215,208,229,241
no,218,248,270,288,314,235,262,286,305,217,253,284,305,198,249,250,239,183,229,233,223,323,295,250,218,195,205,174,154,139,203,169,155,140,208,199,232,252,219,212,234,246
no,220,254,276,292,315,243,274,301,321,222,268,294,307,203,255,256,243,187,233,237,224,324,293,248,217,195,196,182,181,182,195,180,191,192,201,202,236,249,213,214,238,248
no,216,249,273,290,318,245,270,292,310,225,258,286,307,204,251,251,241,185,229,233,223,324,297,253,220,199,209,178,156,139,206,171,155,140,210,203,238,257,219,215,240,253
no,214,246,268,283,302,234,264,293,317,216,256,289,315,198,247,246,236,184,229,232,223,320,289,245,213,188,202,180,175,174,199,174,173,174,202,196,229,249,211,208,231,245
no,214,246,267,288,313,237,264,288,309,219,254,284,309,199,244,241,232,182,224,227,220,319,290,244,211,190,204,176,159,146,200,173,160,149,203,200,230,250,212,209,230,242
no,218,250,269,284,308,240,265,290,311,222,256,288,313,203,247,246,237,185,227,231,223,322,292,247,214,190,207,180,166,156,204,176,167,159,207,200,234,255,216,211,233,246
no,216,249,271,287,309,236,268,297,322,217,260,293,317,199,250,250,238,184,231,233,222,326,294,249,218,195,201,180,177,177,198,177,176,176,203,201,233,251,215,214,236,247
no,213,245,266,282,310,237,259,279,296,220,248,275,295,199,244,245,236,181,222,228,220,321,295,248,214,193,204,171,149,131,202,168,149,131,206,198,232,251,216,211,234,246
no,214,246,265,282,307,236,255,275,292,218,245,273,294,199,242,247,240,181,223,231,224,325,298,252,219,196,210,176,154,137,207,173,152,134,211,202,232,251,220,214,236,250
no,216,246,267,285,311,237,258,278,294,218,247,274,295,197,241,243,235,179,221,226,218,319,292,246,213,194,205,172,151,135,202,169,152,136,207,199,231,249,217,212,233,244
no,212,244,265,284,310,235,257,277,295,216,244,271,293,196,240,243,236,178,220,226,220,321,293,245,213,194,204,172,151,136,201,169,151,134,205,199,231,252,215,212,232,244
no,213,243,266,285,311,231,261,286,307,212,254,285,307,195,247,246,233,181,228,229,217,352,325,281,249,226,236,210,195,183,232,206,196,184,237,233,263,277,248,245,265,273
no,207,236,253,267,294,212,225,237,249,196,228,257,279,180,227,229,221,168,211,217,209,353,323,277,245,224,241,209,186,167,239,207,190,176,244,232,262,281,254,244,264,277
no,210,241,259,274,296,216,245,273,296,198,240,270,289,182,234,236,225,171,216,221,210,354,320,276,246,225,232,209,203,201,232,210,209,206,239,236,267,282,252,250,271,282
no,205,236,252,265,289,221,241,259,275,204,230,255,274,185,228,237,235,168,209,217,211,353,325,276,243,221,240,210,188,172,238,205,186,168,244,230,251,261,255,247,263,271
no,207,239,253,267,291,220,243,262,279,203,230,256,276,183,226,229,221,167,209,215,207,350,319,271,240,220,238,209,188,172,235,203,186,169,241,230,259,277,251,244,263,274
no,207,237,254,266,287,218,243,264,281,200,233,260,277,182,228,233,224,167,209,216,208,355,326,279,247,221,239,212,193,177,237,209,196,181,243,233,264,281,255,247,267,279
no,209,237,255,271,294,215,243,267,287,196,235,263,283,178,228,229,218,165,211,217,207,353,322,276,245,221,235,210,196,185,233,207,198,188,240,234,265,283,254,247,267,279
no,206,236,251,262,281,209,235,260,283,192,236,270,292,177,229,230,219,167,213,216,204,358,322,275,245,222,234,213,205,199,234,213,212,209,242,233,266,282,256,247,269,281
no,207,234,249,260,282,212,231,249,264,195,223,249,267,177,222,227,220,162,205,212,204,353,321,275,243,218,237,203,180,162,236,203,185,168,243,231,262,282,255,245,265,278
no,204,233,247,260,283,212,233,251,266,195,223,250,270,177,220,226,220,162,204,212,205,355,323,275,242,218,239,206,185,167,238,205,186,169,243,231,262,281,254,245,265,279
no,204,236,252,265,284,216,241,267,289,198,232,264,287,180,226,229,222,168,210,214,206,356,322,277,246,222,237,216,210,208,236,213,209,208,242,235,264,282,254,249,269,280
no,210,236,251,266,290,214,237,259,278,197,229,257,277,180,227,230,221,166,210,215,206,356,321,275,244,224,237,211,194,179,236,208,195,183,242,232,263,283,254,246,267,279
no,202,232,247,261,285,215,234,251,266,198,223,248,268,178,218,223,219,161,199,209,207,352,322,274,240,218,238,202,179,160,236,202,182,164,241,231,262,285,252,243,262,276
no,208,237,250,259,277,214,241,267,289,197,234,264,284,180,226,229,218,166,210,215,204,353,318,273,243,220,234,213,208,208,233,209,210,210,240,231,261,278,254,247,267,278
no,210,236,250,265,285,207,234,258,278,190,226,256,276,175,222,227,220,164,208,214,206,355,323,276,245,220,242,213,197,184,241,210,198,187,246,232,263,283,256,245,266,281
no,206,235,249,261,283,213,235,255,273,196,223,250,269,178,221,227,222,163,204,212,208,357,324,279,246,223,242,211,191,174,242,209,192,176,248,235,266,287,259,248,268,282
no,205,233,248,257,271,207,235,262,285,190,229,260,281,174,222,223,212,161,207,212,202,352,318,272,241,215,231,208,203,200,231,207,206,205,238,230,260,278,251,243,262,273
no,205,235,249,262,285,212,236,259,278,194,229,257,276,176,222,224,214,162,206,211,202,354,321,272,240,218,239,211,195,182,238,206,196,184,243,230,262,281,253,245,266,279
no,204,233,247,258,279,217,238,257,273,200,225,250,269,180,221,225,220,162,201,210,206,352,323,276,244,220,242,213,192,176,241,208,191,176,246,233,264,286,256,246,268,283
no,205,234,248,259,280,214,232,250,265,197,223,249,269,178,219,224,219,162,202,211,206,352,321,274,242,220,242,208,186,169,241,206,188,173,247,232,263,285,257,245,266,282
no,205,233,246,260,280,208,232,256,277,191,224,254,278,175,216,222,219,163,203,209,203,357,324,276,243,220,244,216,202,193,243,213,201,191,248,234,259,275,258,248,267,280
no,204,234,247,260,281,209,233,255,274,191,225,254,274,173,217,220,210,159,203,209,201,358,325,274,242,219,242,214,199,187,240,211,199,187,246,233,263,282,256,245,265,277
no,205,232,245,259,281,211,231,253,272,194,220,250,273,176,213,217,210,161,199,206,202,349,321,272,239,217,243,212,195,182,242,209,195,184,246,231,261,282,255,244,264,279
no,204,232,246,260,280,213,236,260,282,195,226,256,280,177,214,222,222,162,198,207,205,356,326,277,242,218,240,213,203,197,239,212,202,196,244,232,255,270,256,247,265,278
no,203,232,247,260,284,213,233,252,269,195,222,248,267,176,215,219,214,160,199,208,204,350,322,272,238,218,242,209,188,172,240,206,189,176,245,232,263,284,255,243,262,276
no,215,253,280,302,331,238,275,306,331,219,265,302,328,202,258,259,249,191,240,242,231,366,335,292,264,247,240,220,212,207,236,217,213,211,242,248,277,292,256,263,282,289
no,217,255,282,302,326,241,280,312,338,222,274,308,331,206,267,262,247,194,246,245,230,369,334,291,264,247,242,229,231,234,239,225,233,237,244,252,286,300,258,266,287,295
no,217,252,277,298,328,235,272,301,325,216,262,296,320,200,258,259,247,190,239,242,231,363,332,286,257,241,240,218,203,192,237,212,203,194,243,244,273,288,256,259,280,289
no,214,253,277,294,318,241,277,308,332,221,269,301,324,204,261,260,248,191,240,240,228,366,336,293,262,241,242,225,227,231,237,218,225,233,241,246,278,295,252,260,282,291
no,216,251,275,296,324,236,273,301,326,216,263,297,321,199,254,255,244,186,234,238,228,363,332,288,258,240,239,217,207,200,235,212,208,205,241,243,272,287,254,256,274,282
no,217,250,271,292,320,237,267,293,314,217,255,289,315,199,251,252,243,185,232,235,226,357,328,282,251,234,239,213,196,185,236,209,198,189,241,241,270,286,252,255,274,283
no,219,250,274,294,321,233,266,293,317,213,257,290,313,197,250,251,240,184,231,236,228,360,329,283,252,235,240,216,202,193,237,212,203,196,242,241,270,286,255,254,273,283
no,217,252,275,292,315,240,274,304,329,220,264,297,320,202,256,256,246,188,236,238,227,362,329,286,256,236,237,220,220,221,233,214,218,222,238,241,272,289,251,255,275,285
no,215,250,273,293,320,235,267,294,316,216,258,292,317,198,251,251,241,185,234,236,225,363,332,287,256,238,242,217,203,194,238,212,204,199,242,242,270,286,253,257,276,285
no,217,249,270,287,314,236,266,291,310,216,255,287,310,198,250,251,240,185,230,233,223,357,327,280,249,230,236,211,193,179,233,206,193,181,238,237,268,284,251,252,273,282
no,217,251,270,290,316,237,265,287,306,217,252,283,307,198,248,251,243,183,228,232,225,357,325,280,250,232,238,210,191,176,235,206,191,180,239,235,263,281,251,251,268,276
no,214,251,273,288,309,241,273,302,326,222,263,294,316,203,254,255,245,187,233,236,225,363,330,286,256,236,240,222,220,221,237,216,218,222,241,242,273,291,253,256,277,287
no,217,250,271,290,316,234,265,290,312,215,253,286,311,197,246,248,240,183,228,233,225,356,325,277,247,230,233,210,197,187,231,206,196,188,237,238,265,281,251,252,270,278
no,214,248,269,289,317,232,264,289,309,212,253,285,308,195,249,252,242,182,230,234,225,360,328,282,251,233,238,215,198,185,235,208,197,187,241,238,268,283,252,254,275,284
no,213,248,270,289,315,234,264,289,309,214,252,285,310,196,248,251,243,183,229,233,223,357,328,282,250,230,237,211,194,181,234,207,196,186,239,238,268,284,251,252,272,282
no,215,253,276,294,316,240,273,302,326,219,263,295,317,201,253,252,239,186,233,233,220,362,326,281,252,233,235,219,218,221,232,213,217,220,238,242,274,289,252,257,279,287
no,216,252,274,293,318,236,270,299,325,216,260,293,319,198,251,248,235,183,231,231,219,358,324,279,250,232,234,212,208,206,231,210,208,208,238,242,273,289,251,255,275,283
no,213,248,269,288,312,234,265,292,315,215,253,286,313,198,247,248,240,183,227,232,225,357,325,280,250,231,234,212,203,198,231,208,201,197,237,237,267,286,251,252,272,285
no,215,247,266,284,311,227,256,281,302,208,246,277,300,192,243,246,238,179,224,229,222,357,325,278,247,229,237,214,199,187,234,209,198,189,239,236,266,282,251,250,270,281
no,212,249,270,286,310,228,264,294,319,209,258,282,293,193,250,250,234,182,230,232,217,364,328,281,251,230,235,215,214,216,235,214,225,226,242,240,274,286,254,253,277,285
no,210,245,265,283,309,231,258,280,299,212,245,274,297,193,238,241,235,177,219,226,221,354,327,279,246,227,237,209,190,175,233,203,187,174,238,232,260,279,251,247,265,276
no,214,248,268,284,311,233,260,283,301,213,247,275,297,194,244,247,240,179,223,228,219,359,326,280,249,230,237,211,192,177,235,206,191,177,241,237,267,284,254,252,272,281
no,217,248,268,285,309,228,260,287,311,209,252,284,305,192,244,245,234,179,227,231,220,362,330,285,253,232,241,219,210,205,239,212,208,204,244,241,270,285,255,254,275,285
no,215,249,268,284,306,231,262,288,311,212,253,283,302,195,246,249,239,181,226,232,222,361,327,283,252,230,235,217,214,215,234,216,218,217,242,241,271,287,256,255,275,285
no,216,247,266,282,308,226,254,277,297,207,242,270,290,188,237,240,232,173,216,224,219,354,324,279,247,227,238,209,190,176,236,205,190,176,242,235,265,282,254,249,264,274
no,210,244,262,279,305,223,249,271,289,205,238,268,290,188,237,241,235,176,220,226,220,357,327,281,248,228,240,211,191,176,238,207,190,175,244,235,264,284,256,250,270,283
no,212,245,265,281,306,224,251,276,297,205,242,270,287,188,238,242,234,175,219,225,216,361,326,278,247,228,236,217,207,201,235,212,206,198,243,236,266,283,257,252,273,284
no,212,245,266,283,305,225,258,287,312,206,249,281,304,189,241,242,232,177,223,226,215,363,330,283,250,226,236,214,211,211,233,210,208,205,241,235,265,282,255,251,271,281
no,213,246,265,281,304,223,252,279,302,205,244,276,300,188,239,242,234,177,222,226,218,358,324,279,247,227,236,212,202,196,234,209,201,196,241,237,266,284,255,251,271,284
no,213,244,262,277,300,227,250,271,290,209,236,261,282,189,227,237,240,173,208,220,222,356,329,284,249,228,242,211,192,179,241,209,193,180,247,236,258,274,259,249,261,271
no,205,241,261,276,297,219,247,271,291,200,241,269,287,184,234,237,227,174,219,221,211,362,326,278,246,224,237,214,206,203,236,211,208,204,242,236,265,280,254,250,270,280
no,211,244,264,277,296,227,259,286,309,208,250,280,301,190,243,249,244,177,222,229,223,363,330,286,256,234,236,220,218,219,234,217,220,222,240,240,269,287,254,254,272,283
no,210,241,257,272,297,219,243,264,281,200,233,260,278,183,226,234,232,171,212,219,212,356,327,278,246,223,239,211,193,179,238,206,191,175,245,230,249,258,258,248,264,274
no,209,240,256,270,294,222,243,264,282,205,231,257,277,186,223,228,226,171,205,216,216,356,327,280,246,224,243,210,191,176,240,206,189,175,246,233,259,277,257,245,259,270
no,212,246,263,275,292,224,255,281,302,204,245,275,295,187,240,243,233,174,221,226,216,363,327,282,252,228,236,218,217,218,235,216,218,218,242,240,271,288,256,256,275,286
no,213,243,260,275,294,216,242,269,292,199,238,266,283,184,233,238,230,173,217,224,217,355,325,279,249,226,237,212,205,203,237,213,209,205,243,235,264,281,255,248,269,282
no,213,242,260,274,296,222,247,269,288,202,235,261,278,183,227,231,224,169,209,218,214,354,326,280,247,224,242,213,196,184,241,209,198,187,247,237,264,282,258,249,265,276
no,209,239,255,269,294,219,241,262,279,201,229,256,274,182,227,232,224,168,212,220,212,356,329,280,247,224,240,209,188,172,239,203,186,169,246,233,261,277,258,248,265,275
no,205,239,257,273,300,218,246,268,287,199,236,263,279,183,233,236,225,172,218,222,212,366,332,284,251,229,246,217,197,180,243,210,196,181,249,239,268,284,259,252,271,281
no,211,242,262,278,304,225,251,273,292,205,236,263,283,186,232,235,229,171,213,221,216,356,329,280,247,228,242,212,193,179,239,207,192,177,244,237,266,284,256,250,267,277
no,205,240,259,274,301,223,245,264,280,203,231,256,273,184,227,232,224,170,213,219,211,362,334,284,250,230,244,211,189,172,243,206,188,170,250,238,267,283,262,254,272,281
no,218,248,266,281,304,225,258,285,309,206,250,282,305,190,239,243,236,176,218,227,222,361,330,286,254,234,241,216,209,205,239,216,212,208,246,239,267,284,258,252,269,280
no,214,245,265,281,302,232,259,282,304,213,249,276,299,194,236,242,240,176,210,223,227,360,328,280,248,228,241,216,205,198,240,217,208,203,247,239,265,285,262,252,262,271
no,215,245,265,280,305,232,256,277,296,212,242,268,290,192,229,235,234,175,203,217,224,353,325,280,246,227,241,210,190,175,239,209,191,177,247,237,263,282,262,248,254,261
no,201,235,258,276,302,221,254,283,308,199,240,274,297,180,231,234,223,164,210,215,204,355,328,283,254,237,235,211,205,205,232,204,203,205,239,236,269,287,252,254,277,288
no,203,236,260,279,303,221,255,283,308,199,240,273,299,180,229,233,227,166,208,213,206,357,323,278,249,232,232,215,214,215,230,211,212,215,237,239,264,279,254,254,271,280
no,200,231,254,274,299,217,250,278,301,196,236,269,294,177,225,231,226,162,204,213,210,357,330,284,252,234,238,214,204,199,235,210,203,200,241,241,265,280,255,253,267,275
no,199,232,255,275,303,221,252,276,297,199,238,268,292,178,226,228,221,163,205,212,207,358,330,283,250,234,237,211,198,189,234,208,198,191,240,238,264,279,254,252,266,272
no,200,232,254,271,293,219,250,276,297,198,240,267,282,180,229,233,223,167,210,215,204,359,329,285,257,239,236,218,217,218,234,216,220,219,241,239,265,276,255,256,273,279
no,201,234,258,277,300,226,258,285,309,205,246,276,300,185,230,228,217,167,206,211,203,350,321,275,246,230,230,211,210,211,226,206,207,210,233,237,262,277,248,249,264,271
no,202,233,256,276,302,222,249,273,293,201,234,266,290,180,227,228,220,164,207,212,204,351,326,280,248,231,236,209,192,180,233,205,194,185,238,238,267,283,252,251,271,281
no,205,235,257,276,304,219,249,274,295,198,236,268,290,179,230,234,224,164,208,214,205,352,322,277,247,228,232,207,190,177,231,203,192,180,238,234,265,282,252,249,270,281
no,198,230,252,267,288,214,247,277,300,194,237,270,293,176,229,231,221,163,207,213,204,359,328,283,253,235,235,214,213,217,233,211,214,219,241,240,270,287,255,255,273,283
no,201,233,254,273,294,216,250,279,303,195,238,271,295,177,227,231,223,162,204,209,201,355,324,280,250,231,231,213,212,213,230,210,211,214,238,237,264,280,254,252,268,277
no,203,234,256,272,299,216,246,270,290,195,232,264,287,175,228,232,224,161,208,214,206,349,319,274,244,224,229,205,187,173,228,202,190,179,235,232,262,279,250,249,270,281
no,201,234,256,271,290,215,250,279,303,195,239,271,294,177,230,235,229,164,210,217,212,356,323,280,252,234,231,212,213,218,229,210,215,223,237,235,262,280,251,252,270,281
no,203,235,258,277,300,217,249,277,302,196,237,271,296,177,226,228,219,163,207,212,205,352,320,276,248,231,230,209,205,206,229,208,206,206,238,238,266,282,254,252,272,283
no,204,233,254,272,297,217,249,276,300,197,237,270,294,178,226,230,222,163,206,212,205,352,323,279,248,229,232,212,204,200,230,208,201,196,238,236,263,279,254,250,269,280
no,204,233,255,270,295,211,244,272,295,192,237,269,292,176,229,230,220,164,210,214,203,351,319,277,247,226,228,207,197,191,228,206,200,193,237,235,265,280,252,251,271,280
no,201,232,253,270,292,215,247,275,298,195,235,265,287,177,225,229,221,163,207,211,203,352,325,281,251,232,236,215,213,214,234,212,211,212,241,238,264,279,254,253,271,280
no,206,235,254,269,293,212,244,272,296,192,233,266,291,174,223,228,222,160,203,210,204,351,322,279,248,227,231,211,205,202,230,208,203,201,239,235,263,279,254,249,267,278
no,201,231,253,271,295,214,246,272,295,194,234,266,290,176,225,229,221,162,206,212,204,350,321,275,244,225,232,209,200,193,230,205,197,191,238,232,259,274,252,247,266,276
